Index,Match
77101,301
77102,301
77103,301
77104,301
77105,301
77106,301
77107,301
77114,301
77115,301
77116,301
77117,301
77118,301
77119,301
77156,301
77157,301
77158,301
77159,301
77160,301
77161,301
77174,301
77175,301
77176,301
77177,301
77178,301
77179,301
77885,304
77886,304
77887,304
77888,304
77889,304
77890,304
77891,304
77892,304
77930,304
77931,304
77932,304
77933,304
77934,304
77935,304
77936,304
77943,304
77944,304
77945,304
77946,304
77947,304
77948,304
77961,304
77962,304
77963,304
77964,304
77965,304
77966,304
77967,304
78978,308
78979,308
78980,308
78981,308
78982,308
78983,308
84006,327
84007,327
84008,327
84009,327
84010,327
84011,327
84024,327
84025,327
84026,327
84027,327
84028,327
84029,327
84048,327
84049,327
84050,327
84051,327
84052,327
84053,327
88089,343
88090,343
88091,343
88092,343
88093,343
88094,343
88101,343
88102,343
88103,343
88104,343
88105,343
88106,343
88113,343
88114,343
88115,343
88116,343
88117,343
88118,343
88165,343
88166,343
88167,343
88168,343
88169,343
90509,352
90510,352
90511,352
90512,352
90513,352
90514,352
90521,352
90522,352
90523,352
90524,352
90525,352
90526,352
90533,352
90534,352
90535,352
90536,352
90537,352
90538,352
91149,354
91150,354
91151,354
91152,354
91153,354
91154,354
91161,354
91162,354
91163,354
91164,354
91165,354
91166,354
91173,354
91174,354
91175,354
91176,354
91177,354
91178,354
91185,354
91186,354
91187,354
91188,354
91189,354
91190,354
98886,384
98887,384
98888,384
98889,384
98890,384
98891,384
98892,384
98918,384
98919,384
98920,384
98921,384
98922,384
98923,384
100462,390
100463,390
100464,390
100465,390
100466,390
100467,390
100510,390
100511,390
100512,390
100513,390
100514,390
100515,390
100535,390
100536,390
100537,390
100538,390
100539,390
100540,390
100541,390
100548,390
100549,390
100550,390
100551,390
100552,390
100553,390
101510,394
101511,394
101512,394
101513,394
101514,394
101515,394
101516,394
101517,394
102059,396
102060,396
102061,396
102062,396
102063,396
102064,396
102077,396
102078,396
102079,396
102080,396
102081,396
102082,396
102126,396
102127,396
102128,396
102129,396
102130,396
102131,396
102144,396
102145,396
102146,396
102147,396
102148,396
102149,396
103247,400
103248,400
103249,400
103250,400
103251,400
103252,400
103253,400
103254,400
103261,400
103262,400
103263,400
103264,400
103265,400
103266,400
103273,400
103274,400
103275,400
103276,400
103277,400
103278,400
103317,400
103318,400
103319,400
103320,400
103321,400
103322,400
105531,409
105532,409
105533,409
105534,409
105535,409
105536,409
105573,409
105574,409
105575,409
105576,409
105577,409
105578,409
105579,409
105605,409
105606,409
105607,409
105608,409
105609,409
105610,409
105624,409
105625,409
105626,409
105627,409
105628,409
105629,409
106227,412
106228,412
106229,412
106230,412
106231,412
106232,412
106239,412
106240,412
106241,412
106242,412
106243,412
106244,412
106263,412
106264,412
106265,412
106266,412
106267,412
106268,412
106287,412
106288,412
106289,412
106290,412
106291,412
106292,412
106629,413
106630,413
106631,413
106632,413
106633,413
106634,413
111634,433
111635,433
111636,433
111637,433
111638,433
111639,433
111646,433
111647,433
111648,433
111649,433
111650,433
111651,433
111658,433
111659,433
111660,433
111661,433
111662,433
111663,433
111664,433
111695,433
111696,433
111697,433
111698,433
111699,433
111700,433
116520,452
116521,452
116522,452
116523,452
116524,452
116525,452
116532,452
116533,452
116534,452
116535,452
116536,452
116537,452
116557,452
116558,452
116559,452
116560,452
116561,452
116562,452
116563,452
126120,491
126121,491
126122,491
126123,491
126124,491
126125,491
126126,491
126133,491
126134,491
126135,491
126136,491
126137,491
126138,491
126139,491
126172,491
126173,491
126174,491
126175,491
126176,491
126177,491
127204,495
127205,495
127206,495
127207,495
127208,495
127209,495
127216,495
127217,495
127218,495
127219,495
127220,495
127221,495
127228,495
127229,495
127230,495
127231,495
127232,495
127233,495
127240,495
127241,495
127242,495
127243,495
128740,501
128741,501
128742,501
128743,501
128744,501
128745,501
128752,501
128753,501
128754,501
128755,501
128756,501
128757,501
128758,501
128789,501
128790,501
128791,501
128792,501
128793,501
128794,501
129893,505
129894,505
129895,505
129896,505
129897,505
129898,505
129905,505
129906,505
129907,505
129908,505
129909,505
129910,505
129947,505
129948,505
129949,505
129950,505
129951,505
129952,505
129965,505
129966,505
129967,505
129968,505
129969,505
129970,505
131163,510
131164,510
131165,510
131166,510
131167,510
131168,510
131193,510
131194,510
131195,510
131196,510
131197,510
131198,510
131199,510
131942,513
131943,513
131944,513
131945,513
131946,513
131947,513
131954,513
131955,513
131956,513
131957,513
131958,513
131959,513
131966,513
131967,513
131968,513
131969,513
131970,513
131971,513
131978,513
131979,513
131980,513
131981,513
131982,513
131983,513
131984,513
141415,549
141416,549
141417,549
141418,549
141419,549
141420,549
141427,549
141428,549
141429,549
141430,549
141431,549
141432,549
141445,549
141446,549
141447,549
141448,549
141449,549
141450,549
153450,595
153451,595
153452,595
153453,595
153454,595
153455,595
153462,595
153463,595
153464,595
153465,595
153466,595
153467,595
153487,595
153488,595
153489,595
153490,595
153491,595
153492,595
153499,595
153500,595
153501,595
159786,620
159787,620
159788,620
159789,620
159790,620
159791,620
159798,620
159799,620
159800,620
159801,620
159802,620
159803,620
159840,620
159841,620
159842,620
159843,620
159844,620
159845,620
159870,620
159871,620
159872,620
159873,620
159874,620
159875,620
160557,623
160558,623
160559,623
160560,623
160561,623
160562,623
160569,623
160570,623
160571,623
160572,623
160573,623
160574,623
160575,623
160612,623
160613,623
160614,623
160615,623
160616,623
160617,623
160618,623
160631,623
160632,623
160633,623
160634,623
160635,623
160636,623
